DELETE FROM yaglo_215.trains."Connection";
DELETE FROM yaglo_215.trains."Train";
DELETE FROM yaglo_215.trains."Station";
DELETE FROM yaglo_215.trains."City";

INSERT INTO yaglo_215.trains."City" VALUES
(1, 'Московская область', 'Москва'),
(2, 'Московская область', 'Зеленоград'),
(3, 'Московская область', 'Клин'),
(4, 'Московская область', 'Сергиев Посад'),
(5, 'Московская область', 'Химки'),
(6, 'Московская область', 'Дмитров'),
(7, 'Санкт-Петербург', 'Санкт-Петербург'),
(8, 'Санкт-Петербург', 'Пушкин'),
(9, 'Санкт-Петербург', 'Петергоф'),
(10, 'Санкт-Петербург', 'Кронштадт'),
(11, 'Санкт-Петербург', 'Ломоносов'),
(12, 'Нижегородская область', 'Нижний Новгород'),
(13, 'Нижегородская область', 'Арзамас'),
(14, 'Нижегородская область', 'Бор'),
(15, 'Нижегородская область', 'Дзержинск'),
(16, 'Нижегородская область', 'Саров'),
(17, 'Красноярский край', 'Красноярск'),
(18, 'Красноярский край', 'Норильск'),
(19, 'Красноярский край', 'Железногорск'),
(20, 'Красноярский край', 'Ачинск'),
(21, 'Ростовская область', 'Ростов-на-Дону'),
(22, 'Ростовская область', 'Шахты'),
(23, 'Ростовская область', 'Таганрог'),
(24, 'Ростовская область', 'Волгодонск'),
(25, 'Ростовская область', 'Азов'),
(26, 'Тверская область', 'Тверь');

INSERT INTO yaglo_215.trains."Station" VALUES
('Станция 1', 1, 3),
('Станция 2', 1, 2),
('Станция 3', 1, 4),
('Станция 4', 2, 3),
('Станция 5', 2, 2),
('Станция 6', 2, 4),
('Станция 7', 3, 3),
('Станция 8', 3, 2),
('Станция 9', 3, 4),
('Станция 10', 4, 3),
('Станция 11', 4, 2),
('Станция 12', 26, 4),
('Станция 13', 5, 3),
('Станция 14', 5, 2),
('Станция 15', 5, 4),
('Станция 16', 26, 3),
('Станция 17', 6, 2),
('Станция 18', 26, 4),
('Станция 19', 7, 3),
('Станция 20', 7, 2),
('Станция 21', 7, 4),
('Станция 22', 8, 3),
('Станция 23', 8, 2),
('Станция 24', 8, 4),
('Станция 25', 9, 3),
('Станция 26', 12, 5);

INSERT INTO yaglo_215.trains."Train" VALUES
(1, 10, 'Станция 25', 'Станция 14'),
(2, 8, 'Станция 19', 'Станция 24'),
(3, 11, 'Станция 9', 'Станция 1'),
(4, 5, 'Станция 17', 'Станция 23'),
(5, 7, 'Станция 7', 'Станция 5'),
(6, 9, 'Станция 2', 'Станция 13'),
(7, 20, 'Станция 5', 'Станция 25'),
(8, 3, 'Станция 6', 'Станция 8'),
(9, 10, 'Станция 8', 'Станция 1'),
(10, 4, 'Станция 20', 'Станция 23'),
(101, 5, 'Станция 1', 'Станция 20'),
(20, 4, 'Станция 1', 'Станция 18'),
(30, 5, 'Станция 1', 'Станция 16'),
(2948, 7, 'Станция 1', 'Станция 19'),
(2443, 5, 'Станция 1', 'Станция 21');

INSERT INTO yaglo_215.trains."Connection" VALUES
(1, 'Станция 19', 'Станция 13', 2, '2022-01-01 08:00:00', '2022-01-01 09:30:00'),
(2, 'Станция 13', 'Станция 14', 2, '2022-01-01 10:00:00', '2022-01-01 11:30:00'),
(3, 'Станция 9', 'Станция 6', 3, '2022-01-01 12:00:00', '2022-01-01 13:30:00'),
(4, 'Станция 6', 'Станция 12', 3, '2022-01-01 14:00:00', '2022-01-01 15:30:00'),
(5, 'Станция 12', 'Станция 1', 3, '2022-01-01 16:00:00', '2022-01-01 17:30:00'),
(6, 'Станция 2', 'Станция 11', 6, '2022-01-01 18:00:00', '2022-01-01 19:30:00'),
(7, 'Станция 11', 'Станция 13', 6, '2022-01-01 20:00:00', '2022-01-01 21:30:00'),
(8, 'Станция 6', 'Станция 25', 8, '2022-01-01 22:00:00', '2022-01-01 23:30:00'),
(9, 'Станция 25', 'Станция 10', 8, '2022-01-02 08:00:00', '2022-01-02 09:30:00'),
(10, 'Станция 10', 'Станция 8', 8, '2022-01-02 10:00:00', '2022-01-02 11:30:00'),
(11, 'Станция 1', 'Станция 12', 101, '2023-10-02 12:00:00', '2023-10-02 13:20:00'),
(12, 'Станция 12', 'Станция 20', 101, '2023-10-02 13:40:00', '2023-10-02 17:20:00'),
(13, 'Станция 1', 'Станция 20', 101, '2023-10-02 22:30:00', '2023-11-02 02:30:00'),
(14, 'Станция 1', 'Станция 16', 30, '2021-11-02 16:20:00', '2021-11-02 17:40:00'),
(15, 'Станция 1', 'Станция 18', 20, '2022-09-11 13:00:00', '2022-09-11 14:20:00'),
(16, 'Станция 1', 'Станция 11', 2948, '2020-10-12 10:00:00', '2020-10-12 11:30:00'),
(17, 'Станция 11', 'Станция 19', 2948, '2020-10-12 12:00:00', '2020-10-12 17:00:00'),
(18, 'Станция 1', 'Станция 26', 2443, '2022-03-21 14:00:00', '2022-03-21 22:00:00'),
(19, 'Станция 26', 'Станция 21', 2443, '2022-03-22 07:00:00', '2022-03-22 19:00:00');